Periodo,variable,modelo,model_key,observado,predicho
2023-01-01,IMACEC total,Corte experimental,m4,1.359126237823327,0.8230261501645849
2023-02-01,IMACEC total,Corte experimental,m4,0.16342433643201648,2.91570078253009
2023-03-01,IMACEC total,Corte experimental,m4,-1.4905514158231825,1.1433043434567114
2023-04-01,IMACEC total,Corte experimental,m4,-0.497119351657882,-0.7827334320898401
2023-05-01,IMACEC total,Corte experimental,m4,-0.599359494821039,1.5514206188274804
2023-06-01,IMACEC total,Corte experimental,m4,0.02746104306026176,0.9372444159435237
2023-07-01,IMACEC total,Corte experimental,m4,2.915341321974929,0.6940007221789259
2023-08-01,IMACEC total,Corte experimental,m4,0.418336336923697,1.4926981117680964
2023-09-01,IMACEC total,Corte experimental,m4,0.9023618496374564,-1.0228889353161796
2023-10-01,IMACEC total,Corte experimental,m4,2.3886867770460896,2.7335003709119907
2023-11-01,IMACEC total,Corte experimental,m4,2.281348596189936,1.7168594739403726
2023-12-01,IMACEC total,Corte experimental,m4,0.5421059316974342,2.993415770281801
2024-01-01,IMACEC total,Corte experimental,m4,3.744961609875319,3.0261466999815045
2024-02-01,IMACEC total,Corte experimental,m4,5.836527826096916,3.967652050550638
2024-03-01,IMACEC total,Corte experimental,m4,1.184659965776258,-1.4202719034124145
2024-04-01,IMACEC total,Corte experimental,m4,3.8954766293294307,4.278359482708073
2024-05-01,IMACEC total,Corte experimental,m4,0.3278935451245246,0.23511065026269928
2024-06-01,IMACEC total,Corte experimental,m4,-0.7129540412657787,-1.6944803251199572
2024-07-01,IMACEC total,Corte experimental,m4,4.491494430948828,2.449149925002877
2024-08-01,IMACEC total,Corte experimental,m4,2.2341186703822347,2.0289537821358716
2024-09-01,IMACEC total,Corte experimental,m4,0.5088925620504003,1.0338740936328314
2024-10-01,IMACEC total,Corte experimental,m4,2.893919855317506,2.8211757270622804
2024-11-01,IMACEC total,Corte experimental,m4,2.431240856349004,2.0777033966022667
2024-12-01,IMACEC total,Corte experimental,m4,6.790041427242954,3.1778438339917643
2025-01-01,IMACEC total,Corte experimental,m4,3.3277451570978167,4.143141069217136
2025-02-01,IMACEC total,Corte experimental,m4,0.31195371691388196,-0.222724786744755
2025-03-01,IMACEC total,Corte experimental,m4,4.927883606216077,2.8682395710282242
2025-04-01,IMACEC total,Corte experimental,m4,3.8776905480138346,1.5104963112698635
2025-05-01,IMACEC total,Corte experimental,m4,3.933046812718355,2.1277063910010536
2025-06-01,IMACEC total,Corte experimental,m4,3.375601478984036,5.189864947942018
2025-07-01,IMACEC total,Corte experimental,m4,1.5968501075468655,2.7475029619206692
2025-08-01,IMACEC total,Corte experimental,m4,0.2696093831863422,1.24385648585559
2025-09-01,IMACEC total,Corte experimental,m4,3.2961209339912534,4.459515768258207
2025-10-01,IMACEC total,Corte experimental,m4,2.0572659006846905,2.997592928485794
2025-11-01,IMACEC total,Corte experimental,m4,1.3711953861016202,1.6566792669994004
2025-12-01,IMACEC total,Corte experimental,m4,1.2666989233431902,2.9872243415268316
2026-01-01,IMACEC total,Corte experimental,m4,-0.8658742743165249,1.5382846470560374
2026-02-01,IMACEC total,Corte experimental,m4,-0.220585400383988,1.544965343670871
2026-03-01,IMACEC total,Corte experimental,m4,0.09162416465238188,2.3972119432771124
2026-04-01,IMACEC total,Corte experimental,m4,-1.070155907885062,0.8364789545704934
2026-05-01,IMACEC total,Corte experimental,m4,-1.387178647812548,-0.5473717046419324
2026-06-01,IMACEC total,Corte experimental,m4,2.015280488360527,1.0349763070255609
2026-07-01,IMACEC total,Corte experimental,m4,-1.487117150040529,-0.4299717944527042
2026-08-01,IMACEC total,Corte experimental,m4,-1.0136203167788072,0.49893445866833175
2023-01-01,IMACEC no minero,Corte experimental,m4,0.5845919328884674,1.2981768723519718
2023-02-01,IMACEC no minero,Corte experimental,m4,0.5722515823792129,3.3134668050841887
2023-03-01,IMACEC no minero,Corte experimental,m4,-0.06153635370935717,1.5293379733771095
2023-04-01,IMACEC no minero,Corte experimental,m4,-0.628578866738827,-0.299238239587033
2023-05-01,IMACEC no minero,Corte experimental,m4,0.765823394874432,1.310605937765868
2023-06-01,IMACEC no minero,Corte experimental,m4,-0.15502564733940183,1.4712150899421352
2023-07-01,IMACEC no minero,Corte experimental,m4,2.330988389425115,0.8065089693730338
2023-08-01,IMACEC no minero,Corte experimental,m4,-0.48439612663464526,1.7073739928398317
2023-09-01,IMACEC no minero,Corte experimental,m4,-0.9565011146409841,-1.2244561421698368
2023-10-01,IMACEC no minero,Corte experimental,m4,3.136077145990246,1.7077034282503105
2023-11-01,IMACEC no minero,Corte experimental,m4,2.167097326798406,2.143124150433425
2023-12-01,IMACEC no minero,Corte experimental,m4,0.7938512913761464,2.555657781952646
2024-01-01,IMACEC no minero,Corte experimental,m4,4.1128471186122395,3.5205211914380032
2024-02-01,IMACEC no minero,Corte experimental,m4,4.628470622877567,4.178750945152693
2024-03-01,IMACEC no minero,Corte experimental,m4,-0.2650223798154494,-1.7612709416599461
2024-04-01,IMACEC no minero,Corte experimental,m4,4.2313298983302605,4.600815151353588
2024-05-01,IMACEC no minero,Corte experimental,m4,-0.21752102603829204,0.6247577627082013
2024-06-01,IMACEC no minero,Corte experimental,m4,-1.2529263884246133,-1.9629265951070787
2024-07-01,IMACEC no minero,Corte experimental,m4,4.6495518840197425,2.815988592713582
2024-08-01,IMACEC no minero,Corte experimental,m4,1.5667466901213345,2.2747386680823922
2024-09-01,IMACEC no minero,Corte experimental,m4,0.8477262615004033,0.5152310774790767
2024-10-01,IMACEC no minero,Corte experimental,m4,2.9737865888798565,3.313240562294836
2024-11-01,IMACEC no minero,Corte experimental,m4,2.4453500701363318,2.321239678666836
2024-12-01,IMACEC no minero,Corte experimental,m4,5.8056759175583394,3.8173738030609576
2025-01-01,IMACEC no minero,Corte experimental,m4,3.7667226031889323,4.181804588450203
2025-02-01,IMACEC no minero,Corte experimental,m4,1.2705337021299723,1.0153362735503935
2025-03-01,IMACEC no minero,Corte experimental,m4,4.880608001916276,3.5587667080113343
2025-04-01,IMACEC no minero,Corte experimental,m4,2.692860351031956,1.5150526423139907
2025-05-01,IMACEC no minero,Corte experimental,m4,2.506905661515213,1.7669120776020064
2025-06-01,IMACEC no minero,Corte experimental,m4,4.9721635080541615,5.057181750902151
2025-07-01,IMACEC no minero,Corte experimental,m4,2.240705074317506,3.4897669148923507
2025-08-01,IMACEC no minero,Corte experimental,m4,1.3299898699509427,1.3161296183895108
2025-09-01,IMACEC no minero,Corte experimental,m4,4.257546154405323,5.455145478744737
2025-10-01,IMACEC no minero,Corte experimental,m4,2.838327035510746,3.405095403040545
2025-11-01,IMACEC no minero,Corte experimental,m4,2.2056769858848746,2.030027766290185
2025-12-01,IMACEC no minero,Corte experimental,m4,2.6444701441954432,3.149874945877
2026-01-01,IMACEC no minero,Corte experimental,m4,-0.7596509074593527,1.9542562174822
2026-02-01,IMACEC no minero,Corte experimental,m4,-0.14106910741275014,1.6756961278710767
2026-03-01,IMACEC no minero,Corte experimental,m4,1.2533594134531256,2.755049921731236
2026-04-01,IMACEC no minero,Corte experimental,m4,0.6898526641451186,1.1623225257171765
2026-05-01,IMACEC no minero,Corte experimental,m4,0.30523196607576963,-0.08974618525934105
2026-06-01,IMACEC no minero,Corte experimental,m4,1.199968515136729,2.0953313665662754
2026-07-01,IMACEC no minero,Corte experimental,m4,-0.30982965559617215,-0.728999005550907
2026-08-01,IMACEC no minero,Corte experimental,m4,1.424853580196772,1.284754811390036
2023-01-01,IMACEC total,Corte INE + IVS real,m8p,1.359126237823327,2.0299447103141537
2023-02-01,IMACEC total,Corte INE + IVS real,m8p,0.16342433643201648,3.059948198121812
2023-03-01,IMACEC total,Corte INE + IVS real,m8p,-1.4905514158231825,0.6727679860498128
2023-04-01,IMACEC total,Corte INE + IVS real,m8p,-0.497119351657882,0.3677737017987023
2023-05-01,IMACEC total,Corte INE + IVS real,m8p,-0.599359494821039,-0.5683370373105887
2023-06-01,IMACEC total,Corte INE + IVS real,m8p,0.02746104306026176,0.12405259649554343
2023-07-01,IMACEC total,Corte INE + IVS real,m8p,2.915341321974929,1.0271587007806628
2023-08-01,IMACEC total,Corte INE + IVS real,m8p,0.418336336923697,1.0059690550825209
2023-09-01,IMACEC total,Corte INE + IVS real,m8p,0.9023618496374564,1.0700570320427891
2023-10-01,IMACEC total,Corte INE + IVS real,m8p,2.3886867770460896,2.625454289279228
2023-11-01,IMACEC total,Corte INE + IVS real,m8p,2.281348596189936,2.1752908702573635
2023-12-01,IMACEC total,Corte INE + IVS real,m8p,0.5421059316974342,-0.10436432108036087
2024-01-01,IMACEC total,Corte INE + IVS real,m8p,3.744961609875319,3.576949424176105
2024-02-01,IMACEC total,Corte INE + IVS real,m8p,5.836527826096916,4.490449392007363
2024-03-01,IMACEC total,Corte INE + IVS real,m8p,1.184659965776258,0.41360517740719377
2024-04-01,IMACEC total,Corte INE + IVS real,m8p,3.8954766293294307,4.637255154527376
2024-05-01,IMACEC total,Corte INE + IVS real,m8p,0.3278935451245246,2.6738258005160693
2024-06-01,IMACEC total,Corte INE + IVS real,m8p,-0.7129540412657787,-0.34516015294157487
2024-07-01,IMACEC total,Corte INE + IVS real,m8p,4.491494430948828,3.305939306952479
2024-08-01,IMACEC total,Corte INE + IVS real,m8p,2.2341186703822347,3.8881655252890663
2024-09-01,IMACEC total,Corte INE + IVS real,m8p,0.5088925620504003,0.595103601388605
2024-10-01,IMACEC total,Corte INE + IVS real,m8p,2.893919855317506,3.257076596231135
2024-11-01,IMACEC total,Corte INE + IVS real,m8p,2.431240856349004,2.1286617616927788
2024-12-01,IMACEC total,Corte INE + IVS real,m8p,6.790041427242954,5.402673562846205
2025-01-01,IMACEC total,Corte INE + IVS real,m8p,3.3277451570978167,3.7133061202460764
2025-02-01,IMACEC total,Corte INE + IVS real,m8p,0.31195371691388196,0.2711276071128008
2025-03-01,IMACEC total,Corte INE + IVS real,m8p,4.927883606216077,3.7342853118949018
2025-04-01,IMACEC total,Corte INE + IVS real,m8p,3.8776905480138346,2.5701720313329113
2025-05-01,IMACEC total,Corte INE + IVS real,m8p,3.933046812718355,3.0100191179117806
2025-06-01,IMACEC total,Corte INE + IVS real,m8p,3.375601478984036,4.7772018404089405
2025-07-01,IMACEC total,Corte INE + IVS real,m8p,1.5968501075468655,2.473531312450951
2025-08-01,IMACEC total,Corte INE + IVS real,m8p,0.2696093831863422,-0.37374749390330986
2025-09-01,IMACEC total,Corte INE + IVS real,m8p,3.2961209339912534,3.2345095750057817
2025-10-01,IMACEC total,Corte INE + IVS real,m8p,2.0572659006846905,2.1596513910212107
2025-11-01,IMACEC total,Corte INE + IVS real,m8p,1.3711953861016202,1.0043763028150183
2025-12-01,IMACEC total,Corte INE + IVS real,m8p,1.2666989233431902,0.9101828280893774
2026-01-01,IMACEC total,Corte INE + IVS real,m8p,-0.8658742743165249,0.7152072242485593
2026-02-01,IMACEC total,Corte INE + IVS real,m8p,-0.220585400383988,0.8283095537663823
2026-03-01,IMACEC total,Corte INE + IVS real,m8p,0.09162416465238188,0.5175070013053478
2026-04-01,IMACEC total,Corte INE + IVS real,m8p,-1.070155907885062,-0.8416396757648394
2026-05-01,IMACEC total,Corte INE + IVS real,m8p,-1.387178647812548,-2.6072355580805975
2026-06-01,IMACEC total,Corte INE + IVS real,m8p,2.015280488360527,1.9905877611524898
2026-07-01,IMACEC total,Corte INE + IVS real,m8p,-1.487117150040529,-1.7987646365446996
2026-08-01,IMACEC total,Corte INE + IVS real,m8p,-1.0136203167788072,-1.5354983191248457
2023-01-01,IMACEC no minero,Corte INE + IVS real,m8p,0.5845919328884674,1.7899760299570135
2023-02-01,IMACEC no minero,Corte INE + IVS real,m8p,0.5722515823792129,2.7139205135305753
2023-03-01,IMACEC no minero,Corte INE + IVS real,m8p,-0.06153635370935717,1.6469194601300001
2023-04-01,IMACEC no minero,Corte INE + IVS real,m8p,-0.628578866738827,0.4685205822914816
2023-05-01,IMACEC no minero,Corte INE + IVS real,m8p,0.765823394874432,0.48656127669318266
2023-06-01,IMACEC no minero,Corte INE + IVS real,m8p,-0.15502564733940183,0.4366025358720737
2023-07-01,IMACEC no minero,Corte INE + IVS real,m8p,2.330988389425115,0.7437366305136481
2023-08-01,IMACEC no minero,Corte INE + IVS real,m8p,-0.48439612663464526,0.5660206340684428
2023-09-01,IMACEC no minero,Corte INE + IVS real,m8p,-0.9565011146409841,-0.09947236945795099
2023-10-01,IMACEC no minero,Corte INE + IVS real,m8p,3.136077145990246,2.744443017874364
2023-11-01,IMACEC no minero,Corte INE + IVS real,m8p,2.167097326798406,2.098154681751918
2023-12-01,IMACEC no minero,Corte INE + IVS real,m8p,0.7938512913761464,0.13273025338982528
2024-01-01,IMACEC no minero,Corte INE + IVS real,m8p,4.1128471186122395,3.904513545258267
2024-02-01,IMACEC no minero,Corte INE + IVS real,m8p,4.628470622877567,4.286147032709831
2024-03-01,IMACEC no minero,Corte INE + IVS real,m8p,-0.2650223798154494,-0.7719319251924803
2024-04-01,IMACEC no minero,Corte INE + IVS real,m8p,4.2313298983302605,4.97811822696625
2024-05-01,IMACEC no minero,Corte INE + IVS real,m8p,-0.21752102603829204,1.781161198122125
2024-06-01,IMACEC no minero,Corte INE + IVS real,m8p,-1.2529263884246133,-0.6681485148569043
2024-07-01,IMACEC no minero,Corte INE + IVS real,m8p,4.6495518840197425,3.0974920002002557
2024-08-01,IMACEC no minero,Corte INE + IVS real,m8p,1.5667466901213345,2.9619580709033224
2024-09-01,IMACEC no minero,Corte INE + IVS real,m8p,0.8477262615004033,0.3318401222505004
2024-10-01,IMACEC no minero,Corte INE + IVS real,m8p,2.9737865888798565,3.079163733276883
2024-11-01,IMACEC no minero,Corte INE + IVS real,m8p,2.4453500701363318,2.087750285576641
2024-12-01,IMACEC no minero,Corte INE + IVS real,m8p,5.8056759175583394,4.433149078888765
2025-01-01,IMACEC no minero,Corte INE + IVS real,m8p,3.7667226031889323,3.6680841722080633
2025-02-01,IMACEC no minero,Corte INE + IVS real,m8p,1.2705337021299723,1.212846664879031
2025-03-01,IMACEC no minero,Corte INE + IVS real,m8p,4.880608001916276,3.670352968624081
2025-04-01,IMACEC no minero,Corte INE + IVS real,m8p,2.692860351031956,1.3577825260206093
2025-05-01,IMACEC no minero,Corte INE + IVS real,m8p,2.506905661515213,1.6337567945141356
2025-06-01,IMACEC no minero,Corte INE + IVS real,m8p,4.9721635080541615,5.321388132538919
2025-07-01,IMACEC no minero,Corte INE + IVS real,m8p,2.240705074317506,3.271741488302218
2025-08-01,IMACEC no minero,Corte INE + IVS real,m8p,1.3299898699509427,0.6613332568976115
2025-09-01,IMACEC no minero,Corte INE + IVS real,m8p,4.257546154405323,4.233217809147732
2025-10-01,IMACEC no minero,Corte INE + IVS real,m8p,2.838327035510746,2.747741888749191
2025-11-01,IMACEC no minero,Corte INE + IVS real,m8p,2.2056769858848746,1.4607809041363362
2025-12-01,IMACEC no minero,Corte INE + IVS real,m8p,2.6444701441954432,1.95971353112414
2026-01-01,IMACEC no minero,Corte INE + IVS real,m8p,-0.7596509074593527,1.0109380797820693
2026-02-01,IMACEC no minero,Corte INE + IVS real,m8p,-0.14106910741275014,0.8543114497009059
2026-03-01,IMACEC no minero,Corte INE + IVS real,m8p,1.2533594134531256,1.2701605011575319
2026-04-01,IMACEC no minero,Corte INE + IVS real,m8p,0.6898526641451186,0.814967387480648
2026-05-01,IMACEC no minero,Corte INE + IVS real,m8p,0.30523196607576963,-0.7776447414743406
2026-06-01,IMACEC no minero,Corte INE + IVS real,m8p,1.199968515136729,1.9403058624146259
2026-07-01,IMACEC no minero,Corte INE + IVS real,m8p,-0.30982965559617215,-1.0461505485040017
2026-08-01,IMACEC no minero,Corte INE + IVS real,m8p,1.424853580196772,0.544370831754877
2023-01-01,IMACEC total,AR(1) de referencia,ar1,1.359126237823327,-1.0272899198656649
2023-02-01,IMACEC total,AR(1) de referencia,ar1,0.16342433643201648,1.416089684008968
2023-03-01,IMACEC total,AR(1) de referencia,ar1,-1.4905514158231825,0.30237672308276786
2023-04-01,IMACEC total,AR(1) de referencia,ar1,-0.497119351657882,-1.2419941734274258
2023-05-01,IMACEC total,AR(1) de referencia,ar1,-0.599359494821039,-0.320572771397011
2023-06-01,IMACEC total,AR(1) de referencia,ar1,0.02746104306026176,-0.4194976506886616
2023-07-01,IMACEC total,AR(1) de referencia,ar1,2.915341321974929,0.1601600693182798
2023-08-01,IMACEC total,AR(1) de referencia,ar1,0.418336336923697,2.8375793293611427
2023-09-01,IMACEC total,AR(1) de referencia,ar1,0.9023618496374564,0.5261204884114358
2023-10-01,IMACEC total,AR(1) de referencia,ar1,2.3886867770460896,0.9723813105655906
2023-11-01,IMACEC total,AR(1) de referencia,ar1,2.281348596189936,2.3460373343883387
2023-12-01,IMACEC total,AR(1) de referencia,ar1,0.5421059316974342,2.247537415017845
2024-01-01,IMACEC total,AR(1) de referencia,ar1,3.744961609875319,0.6410313008770553
2024-02-01,IMACEC total,AR(1) de referencia,ar1,5.836527826096916,3.5955499428594195
2024-03-01,IMACEC total,AR(1) de referencia,ar1,1.184659965776258,5.531740365594193
2024-04-01,IMACEC total,AR(1) de referencia,ar1,3.8954766293294307,1.2458338110226337
2024-05-01,IMACEC total,AR(1) de referencia,ar1,0.3278935451245246,3.732289967678241
2024-06-01,IMACEC total,AR(1) de referencia,ar1,-0.7129540412657787,0.46580960232647656
2024-07-01,IMACEC total,AR(1) de referencia,ar1,4.491494430948828,-0.4901739355219669
2024-08-01,IMACEC total,AR(1) de referencia,ar1,2.2341186703822347,4.260586231713504
2024-09-01,IMACEC total,AR(1) de referencia,ar1,0.5088925620504003,2.2062729942759973
2024-10-01,IMACEC total,AR(1) de referencia,ar1,2.893919855317506,0.6375339429859375
2024-11-01,IMACEC total,AR(1) de referencia,ar1,2.431240856349004,2.803463664009009
2024-12-01,IMACEC total,AR(1) de referencia,ar1,6.790041427242954,2.384511958102213
2025-01-01,IMACEC total,AR(1) de referencia,ar1,3.3277451570978167,6.345435289382969
2025-02-01,IMACEC total,AR(1) de referencia,ar1,0.31195371691388196,3.2013240305552824
2025-03-01,IMACEC total,AR(1) de referencia,ar1,4.927883606216077,0.4787119006740781
2025-04-01,IMACEC total,AR(1) de referencia,ar1,3.8776905480138346,4.636998824449385
2025-05-01,IMACEC total,AR(1) de referencia,ar1,3.933046812718355,3.694152087542426
2025-06-01,IMACEC total,AR(1) de referencia,ar1,3.375601478984036,3.7465958498947107
2025-07-01,IMACEC total,AR(1) de referencia,ar1,1.5968501075468655,3.2473264021533508
2025-08-01,IMACEC total,AR(1) de referencia,ar1,0.2696093831863422,1.649875554631371
2025-09-01,IMACEC total,AR(1) de referencia,ar1,3.2961209339912534,0.45644205455404
2025-10-01,IMACEC total,AR(1) de referencia,ar1,2.0572659006846905,3.171482962860789
2025-11-01,IMACEC total,AR(1) de referencia,ar1,1.3711953861016202,2.061984786432241
2025-12-01,IMACEC total,AR(1) de referencia,ar1,1.2666989233431902,1.4469965584977311
2026-01-01,IMACEC total,AR(1) de referencia,ar1,-0.8658742743165249,1.352408141499016
2026-02-01,IMACEC total,AR(1) de referencia,ar1,-0.220585400383988,-0.5609987033804863
2026-03-01,IMACEC total,AR(1) de referencia,ar1,0.09162416465238188,0.01449596694416294
2026-04-01,IMACEC total,AR(1) de referencia,ar1,-1.070155907885062,0.29159659248761144
2026-05-01,IMACEC total,AR(1) de referencia,ar1,-1.387178647812548,-0.7536801663843603
2026-06-01,IMACEC total,AR(1) de referencia,ar1,2.015280488360527,-1.0432655569405629
2026-07-01,IMACEC total,AR(1) de referencia,ar1,-1.487117150040529,2.0040205486931613
2026-08-01,IMACEC total,AR(1) de referencia,ar1,-1.0136203167788072,-1.1262023568376183
2023-01-01,IMACEC no minero,AR(1) de referencia,ar1,0.5845919328884674,-1.0744641599164009
2023-02-01,IMACEC no minero,AR(1) de referencia,ar1,0.5722515823792129,0.7319067879676874
2023-03-01,IMACEC no minero,AR(1) de referencia,ar1,-0.06153635370935717,0.7170659534522523
2023-04-01,IMACEC no minero,AR(1) de referencia,ar1,-0.628578866738827,0.11604112251183608
2023-05-01,IMACEC no minero,AR(1) de referencia,ar1,0.765823394874432,-0.4232043291378088
2023-06-01,IMACEC no minero,AR(1) de referencia,ar1,-0.15502564733940183,0.8881235100690617
2023-07-01,IMACEC no minero,AR(1) de referencia,ar1,2.330988389425115,0.01826343767747194
2023-08-01,IMACEC no minero,AR(1) de referencia,ar1,-0.48439612663464526,2.3543525111867822
2023-09-01,IMACEC no minero,AR(1) de referencia,ar1,-0.9565011146409841,-0.290296640046158
2023-10-01,IMACEC no minero,AR(1) de referencia,ar1,3.136077145990246,-0.738680255088322
2023-11-01,IMACEC no minero,AR(1) de referencia,ar1,2.167097326798406,3.098771328105485
2023-12-01,IMACEC no minero,AR(1) de referencia,ar1,0.7938512913761464,2.192841815713087
2024-01-01,IMACEC no minero,AR(1) de referencia,ar1,4.1128471186122395,0.9078492468045727
2024-02-01,IMACEC no minero,AR(1) de referencia,ar1,4.628470622877567,4.007566748360998
2024-03-01,IMACEC no minero,AR(1) de referencia,ar1,-0.2650223798154494,4.49108557307651
2024-04-01,IMACEC no minero,AR(1) de referencia,ar1,4.2313298983302605,-0.06869663064663563
2024-05-01,IMACEC no minero,AR(1) de referencia,ar1,-0.21752102603829204,4.110430424680062
2024-06-01,IMACEC no minero,AR(1) de referencia,ar1,-1.2529263884246133,-0.012645342849045933
2024-07-01,IMACEC no minero,AR(1) de referencia,ar1,4.6495518840197425,-0.977880299546817
2024-08-01,IMACEC no minero,AR(1) de referencia,ar1,1.5667466901213345,4.47906042198965
2024-09-01,IMACEC no minero,AR(1) de referencia,ar1,0.8477262615004033,1.6404414213075507
2024-10-01,IMACEC no minero,AR(1) de referencia,ar1,2.9737865888798565,0.9772453613834017
2024-11-01,IMACEC no minero,AR(1) de referencia,ar1,2.4453500701363318,2.9318918481498892
2024-12-01,IMACEC no minero,AR(1) de referencia,ar1,5.8056759175583394,2.4466004733193016
2025-01-01,IMACEC no minero,AR(1) de referencia,ar1,3.7667226031889323,5.535391293615647
2025-02-01,IMACEC no minero,AR(1) de referencia,ar1,1.2705337021299723,3.6638021052066363
2025-03-01,IMACEC no minero,AR(1) de referencia,ar1,4.880608001916276,1.3756482094971227
2025-04-01,IMACEC no minero,AR(1) de referencia,ar1,2.692860351031956,4.681424435658067
2025-05-01,IMACEC no minero,AR(1) de referencia,ar1,2.506905661515213,2.680915311847122
2025-06-01,IMACEC no minero,AR(1) de referencia,ar1,4.9721635080541615,2.5110359293016518
2025-07-01,IMACEC no minero,AR(1) de referencia,ar1,2.240705074317506,4.7646891212294875
2025-08-01,IMACEC no minero,AR(1) de referencia,ar1,1.3299898699509427,2.2712222308331054
2025-09-01,IMACEC no minero,AR(1) de referencia,ar1,4.257546154405323,1.439663272457025
2025-10-01,IMACEC no minero,AR(1) de referencia,ar1,2.838327035510746,4.108311539202644
2025-11-01,IMACEC no minero,AR(1) de referencia,ar1,2.2056769858848746,2.816369647469684
2025-12-01,IMACEC no minero,AR(1) de referencia,ar1,2.6444701441954432,2.2403460563677133
2026-01-01,IMACEC no minero,AR(1) de referencia,ar1,-0.7596509074593527,2.6395617243847975
2026-02-01,IMACEC no minero,AR(1) de referencia,ar1,-0.14106910741275014,-0.46001107065387387
2026-03-01,IMACEC no minero,AR(1) de referencia,ar1,1.2533594134531256,0.10025356244314342
2026-04-01,IMACEC no minero,AR(1) de referencia,ar1,0.6898526641451186,1.3672996984024044
2026-05-01,IMACEC no minero,AR(1) de referencia,ar1,0.30523196607576963,0.8532853834327667
2026-06-01,IMACEC no minero,AR(1) de referencia,ar1,1.199968515136729,0.5012213446921951
2026-07-01,IMACEC no minero,AR(1) de referencia,ar1,-0.30982965559617215,1.3130976634032998
2026-08-01,IMACEC no minero,AR(1) de referencia,ar1,1.424853580196772,-0.061690266183240715
2023-01-01,IMACEC total,Promedio móvil 3 meses,ma3,1.359126237823327,-2.003034300683837
2023-02-01,IMACEC total,Promedio móvil 3 meses,ma3,0.16342433643201648,-0.9236282887886138
2023-03-01,IMACEC total,Promedio móvil 3 meses,ma3,-1.4905514158231825,0.08634196347771701
2023-04-01,IMACEC total,Promedio móvil 3 meses,ma3,-0.497119351657882,0.010666386144053686
2023-05-01,IMACEC total,Promedio móvil 3 meses,ma3,-0.599359494821039,-0.608082143683016
2023-06-01,IMACEC total,Promedio móvil 3 meses,ma3,0.02746104306026176,-0.8623434207673678
2023-07-01,IMACEC total,Promedio móvil 3 meses,ma3,2.915341321974929,-0.3563392678062198
2023-08-01,IMACEC total,Promedio móvil 3 meses,ma3,0.418336336923697,0.7811476234047173
2023-09-01,IMACEC total,Promedio móvil 3 meses,ma3,0.9023618496374564,1.1203795673196293
2023-10-01,IMACEC total,Promedio móvil 3 meses,ma3,2.3886867770460896,1.4120131695120275
2023-11-01,IMACEC total,Promedio móvil 3 meses,ma3,2.281348596189936,1.2364616545357476
2023-12-01,IMACEC total,Promedio móvil 3 meses,ma3,0.5421059316974342,1.8574657409578272
2024-01-01,IMACEC total,Promedio móvil 3 meses,ma3,3.744961609875319,1.73738043497782
2024-02-01,IMACEC total,Promedio móvil 3 meses,ma3,5.836527826096916,2.1894720459208963
2024-03-01,IMACEC total,Promedio móvil 3 meses,ma3,1.184659965776258,3.374531789223223
2024-04-01,IMACEC total,Promedio móvil 3 meses,ma3,3.8954766293294307,3.5887164672494976
2024-05-01,IMACEC total,Promedio móvil 3 meses,ma3,0.3278935451245246,3.638888140400868
2024-06-01,IMACEC total,Promedio móvil 3 meses,ma3,-0.7129540412657787,1.8026767134100712
2024-07-01,IMACEC total,Promedio móvil 3 meses,ma3,4.491494430948828,1.1701387110627255
2024-08-01,IMACEC total,Promedio móvil 3 meses,ma3,2.2341186703822347,1.3688113116025247
2024-09-01,IMACEC total,Promedio móvil 3 meses,ma3,0.5088925620504003,2.004219686688428
2024-10-01,IMACEC total,Promedio móvil 3 meses,ma3,2.893919855317506,2.411501887793821
2024-11-01,IMACEC total,Promedio móvil 3 meses,ma3,2.431240856349004,1.878977029250047
2024-12-01,IMACEC total,Promedio móvil 3 meses,ma3,6.790041427242954,1.9446844245723034
2025-01-01,IMACEC total,Promedio móvil 3 meses,ma3,3.3277451570978167,4.038400712969821
2025-02-01,IMACEC total,Promedio móvil 3 meses,ma3,0.31195371691388196,4.183009146896592
2025-03-01,IMACEC total,Promedio móvil 3 meses,ma3,4.927883606216077,3.4765801004182175
2025-04-01,IMACEC total,Promedio móvil 3 meses,ma3,3.8776905480138346,2.855860826742592
2025-05-01,IMACEC total,Promedio móvil 3 meses,ma3,3.933046812718355,3.0391759570479313
2025-06-01,IMACEC total,Promedio móvil 3 meses,ma3,3.375601478984036,4.246206988982755
2025-07-01,IMACEC total,Promedio móvil 3 meses,ma3,1.5968501075468655,3.728779613238742
2025-08-01,IMACEC total,Promedio móvil 3 meses,ma3,0.2696093831863422,2.968499466416419
2025-09-01,IMACEC total,Promedio móvil 3 meses,ma3,3.2961209339912534,1.7473536565724146
2025-10-01,IMACEC total,Promedio móvil 3 meses,ma3,2.0572659006846905,1.7208601415748204
2025-11-01,IMACEC total,Promedio móvil 3 meses,ma3,1.3711953861016202,1.874332072620762
2025-12-01,IMACEC total,Promedio móvil 3 meses,ma3,1.2666989233431902,2.241527406925855
2026-01-01,IMACEC total,Promedio móvil 3 meses,ma3,-0.8658742743165249,1.5650534033765002
2026-02-01,IMACEC total,Promedio móvil 3 meses,ma3,-0.220585400383988,0.5906733450427618
2026-03-01,IMACEC total,Promedio móvil 3 meses,ma3,0.09162416465238188,0.060079749547559125
2026-04-01,IMACEC total,Promedio móvil 3 meses,ma3,-1.070155907885062,-0.3316118366827103
2026-05-01,IMACEC total,Promedio móvil 3 meses,ma3,-1.387178647812548,-0.39970571453888937
2026-06-01,IMACEC total,Promedio móvil 3 meses,ma3,2.015280488360527,-0.7885701303484094
2026-07-01,IMACEC total,Promedio móvil 3 meses,ma3,-1.487117150040529,-0.14735135577902772
2026-08-01,IMACEC total,Promedio móvil 3 meses,ma3,-1.0136203167788072,-0.2863384364975167
2023-01-01,IMACEC no minero,Promedio móvil 3 meses,ma3,0.5845919328884674,-2.07741436131735
2023-02-01,IMACEC no minero,Promedio móvil 3 meses,ma3,0.5722515823792129,-1.0944440112712968
2023-03-01,IMACEC no minero,Promedio móvil 3 meses,ma3,-0.06153635370935717,-0.0577248028473735
2023-04-01,IMACEC no minero,Promedio móvil 3 meses,ma3,-0.628578866738827,0.3651023871861077
2023-05-01,IMACEC no minero,Promedio móvil 3 meses,ma3,0.765823394874432,-0.03928787935632375
2023-06-01,IMACEC no minero,Promedio móvil 3 meses,ma3,-0.15502564733940183,0.02523605814208259
2023-07-01,IMACEC no minero,Promedio móvil 3 meses,ma3,2.330988389425115,-0.00592703973459896
2023-08-01,IMACEC no minero,Promedio móvil 3 meses,ma3,-0.48439612663464526,0.980595378986715
2023-09-01,IMACEC no minero,Promedio móvil 3 meses,ma3,-0.9565011146409841,0.5638555384836893
2023-10-01,IMACEC no minero,Promedio móvil 3 meses,ma3,3.136077145990246,0.2966970493831618
2023-11-01,IMACEC no minero,Promedio móvil 3 meses,ma3,2.167097326798406,0.5650599682382055
2023-12-01,IMACEC no minero,Promedio móvil 3 meses,ma3,0.7938512913761464,1.448891119382556
2024-01-01,IMACEC no minero,Promedio móvil 3 meses,ma3,4.1128471186122395,2.0323419213882663
2024-02-01,IMACEC no minero,Promedio móvil 3 meses,ma3,4.628470622877567,2.357931912262264
2024-03-01,IMACEC no minero,Promedio móvil 3 meses,ma3,-0.2650223798154494,3.1783896776219844
2024-04-01,IMACEC no minero,Promedio móvil 3 meses,ma3,4.2313298983302605,2.825431787224786
2024-05-01,IMACEC no minero,Promedio móvil 3 meses,ma3,-0.21752102603829204,2.8649260471307927
2024-06-01,IMACEC no minero,Promedio móvil 3 meses,ma3,-1.2529263884246133,1.249595497492173
2024-07-01,IMACEC no minero,Promedio móvil 3 meses,ma3,4.6495518840197425,0.9202941612891183
2024-08-01,IMACEC no minero,Promedio móvil 3 meses,ma3,1.5667466901213345,1.059701489852279
2024-09-01,IMACEC no minero,Promedio móvil 3 meses,ma3,0.8477262615004033,1.6544573952388213
2024-10-01,IMACEC no minero,Promedio móvil 3 meses,ma3,2.9737865888798565,2.354674945213827
2024-11-01,IMACEC no minero,Promedio móvil 3 meses,ma3,2.4453500701363318,1.7960865135005315
2024-12-01,IMACEC no minero,Promedio móvil 3 meses,ma3,5.8056759175583394,2.088954306838864
2025-01-01,IMACEC no minero,Promedio móvil 3 meses,ma3,3.7667226031889323,3.741604192191509
2025-02-01,IMACEC no minero,Promedio móvil 3 meses,ma3,1.2705337021299723,4.005916196961201
2025-03-01,IMACEC no minero,Promedio móvil 3 meses,ma3,4.880608001916276,3.6143107409590813
2025-04-01,IMACEC no minero,Promedio móvil 3 meses,ma3,2.692860351031956,3.3059547690783933
2025-05-01,IMACEC no minero,Promedio móvil 3 meses,ma3,2.506905661515213,2.948000685026068
2025-06-01,IMACEC no minero,Promedio móvil 3 meses,ma3,4.9721635080541615,3.360124671487815
2025-07-01,IMACEC no minero,Promedio móvil 3 meses,ma3,2.240705074317506,3.390643173533777
2025-08-01,IMACEC no minero,Promedio móvil 3 meses,ma3,1.3299898699509427,3.2399247479622937
2025-09-01,IMACEC no minero,Promedio móvil 3 meses,ma3,4.257546154405323,2.8476194841075366
2025-10-01,IMACEC no minero,Promedio móvil 3 meses,ma3,2.838327035510746,2.609413699557924
2025-11-01,IMACEC no minero,Promedio móvil 3 meses,ma3,2.2056769858848746,2.8086210199556705
2025-12-01,IMACEC no minero,Promedio móvil 3 meses,ma3,2.6444701441954432,3.100516725266981
2026-01-01,IMACEC no minero,Promedio móvil 3 meses,ma3,-0.7596509074593527,2.562824721863688
2026-02-01,IMACEC no minero,Promedio móvil 3 meses,ma3,-0.14106910741275014,1.363498740873655
2026-03-01,IMACEC no minero,Promedio móvil 3 meses,ma3,1.2533594134531256,0.5812500431077802
2026-04-01,IMACEC no minero,Promedio móvil 3 meses,ma3,0.6898526641451186,0.11754646619367426
2026-05-01,IMACEC no minero,Promedio móvil 3 meses,ma3,0.30523196607576963,0.6007143233951647
2026-06-01,IMACEC no minero,Promedio móvil 3 meses,ma3,1.199968515136729,0.7494813478913379
2026-07-01,IMACEC no minero,Promedio móvil 3 meses,ma3,-0.30982965559617215,0.7316843817858724
2026-08-01,IMACEC no minero,Promedio móvil 3 meses,ma3,1.424853580196772,0.39845694187210884
