"","L_GDP","L_GDP_BAR","L_GDP_GAP","L_CPI","L_CPIXFE","TPM","TPMN1","T_COLOC","L_Z","CRECSC","L_PCU","L_WTI","FFR","UST10","VIX","Q1","Q2","Q3","Q4","L_Z_GAP","L_Food","PCU_NOM","WTI_NOM","L_PCU_NOM","L_WTI_NOM","CPI_US","CPI_US_2020","L_CPI_US","D4L_CPI_US","DLA_CPI_US"
"2000Q1",988.127100824899,988.198348861722,-0.0712480368224533,375.64667477056,377.4516916305,8.21445824706694,7.975809301,8.16333333333333,441.939021079342,4.38096613146238,21.404583092859,378.092256898085,5.67666666666667,6.48,23.1503174603175,1,0,0,0,-18.5779975194669,-11.045595253872,0.81408418760773,28.8233333333333,-20.5691493748029,336.118524430423,170.1,65.7219432470478,513.638649940182,3.20584945154167,3.93859030882504
"2000Q2",988.423757495583,989.536868353237,-1.11311085765385,377.016046331403,378.949104897604,8.5,7.975809301,8.04333333333333,441.840372836261,4.71212489760071,17.4798927807472,377.1494233545,6.27333333333333,6.17666666666667,24.9239682539683,0,1,0,0,-18.6766457625482,-2.69308396715213,0.788888384892195,28.7766666666667,-23.7130432158202,335.956487357932,171.433333333333,66.237106431426,514.419446411276,3.24074991327342,3.12318588437802
"2000Q3",989.937494791418,990.875415958237,-0.93792116681891,377.755940708247,379.36807683728,8.31060606060606,7.975809301,7.62666666666667,448.162163129799,4.22981528541162,23.9225854982015,385.641120210975,6.52,5.89333333333333,19.1690476190476,0,0,1,0,-12.3548554690097,-0.850685442141463,0.849076174060298,31.6133333333333,-16.3606374598641,345.357897252909,173,66.8424231730704,515.329159449778,3.41008938471776,3.63885215400705
"2000Q4",991.142659651086,992.213902731434,-1.07124308034804,379.106417321399,379.959854050265,8,7.975809301,6.94,449.633827909176,3.67618786005893,21.9327799131038,386.11517809891,6.47333333333333,5.56666666666667,26.0166666666667,0,0,0,1,-10.8831906896331,2.225323608176,0.838282076869576,31.99,-17.6400627896631,346.542335396143,174.233333333333,67.3189491186202,516.039539705077,3.38553734210132,2.84152102119515
"2001Q1",991.86164354968,993.552434997117,-1.6907914474366,379.572153903081,380.733259586574,7.54090909090909,6.875809301,6.91,449.766993042245,3.5106058731285,16.3230926100205,374.716209579611,5.59333333333333,5.05,25.7264516129032,1,0,0,0,-10.7500255565637,3.58995006053942,0.800133055127158,28.8166666666667,-22.2977246234718,336.095392346119,175.9,67.9629030990929,516.991565174351,3.35291523416959,3.80810187709812
"2001Q2",992.836538644231,994.890967024705,-2.05442838047395,380.563298897915,381.663491924253,6.72666666666667,6.875809301,6.20666666666667,452.158863909176,2.47811630561716,9.04235443852742,370.808668833052,4.32666666666667,5.27,23.9238095238095,0,1,0,0,-8.35815468963267,2.49910949307357,0.749163869485016,27.9066666666667,-28.8797535035558,332.886560890969,177.133333333333,68.4394290446427,517.69027446576,3.27082805448424,2.79483716563664
"2001Q3",992.487975199653,996.22949948698,-3.74152428732771,381.322435541423,382.407884611414,6.5,6.875809301,6.7,460.70771506746,1.51306995510014,-2.75308008086224,365.981666944958,3.49666666666667,4.98,25.3803389830508,0,0,1,0,0.190696468650685,5.36846831963533,0.667688771961656,26.6666666666667,-40.3933124252431,328.341434600577,177.633333333333,68.6326152387846,517.972150063463,2.64299061368479,1.12750239080924
"2001Q4",993.255741829295,997.567983378233,-4.31224154893789,382.094592191611,383.421626365202,6.5,6.875809301,6.68666666666667,461.536136291802,0.852112902841924,-5.88117847019583,339.268811601314,2.13333333333333,4.77,27.91,0,0,0,1,1.01911769299312,0.969225014879971,0.646640358039251,20.4,-43.5964999864923,301.553490085017,177.5,68.5810989203467,517.897060891547,1.85752118647042,-0.300356687662315
"2002Q1",994.274998278554,998.906506870515,-4.63150859196105,381.98177319894,384.264527989438,5.68,6.775809301,6.64666666666667,454.442767654402,1.5192127681,2.61228132365753,344.927914829501,1.73333333333333,5.07666666666667,21.3608333333333,1,0,0,0,-6.07425094440754,-3.80746431992365,0.706209743264084,21.6566666666667,-34.7842998834109,307.531333622433,178.066666666667,68.8000432737075,518.215801200775,1.22423602642391,1.27496123691208
"2002Q2",995.151153507465,1000.24505979504,-5.09390628757205,382.72747613294,385.153555019145,4.32666666666667,6.760430612,5.48,452.930669792018,2.1974818694,5.25550776658246,363.367333126351,1.75,5.1,21.643125,0,1,0,0,-7.58634880679136,-7.64361629897503,0.730826453778463,26.2466666666667,-31.3579256750203,326.753899684748,179.466666666667,69.3409646173046,518.998948966241,1.30867450048049,3.13259106186297
"2002Q3",996.371448819395,1001.58353998359,-5.2120911641955,383.65060374443,385.437630430124,3.20333333333333,6.729110464,5.36,460.443016660795,3.2219392801,-1.37699078018264,370.503669320615,1.74,4.26,35.0684375,0,0,1,0,-0.0740019380144759,-5.22535482202238,0.687610753273459,28.34,-37.453236674544,334.427423426253,180.433333333333,69.7144579259788,519.536136513482,1.56398645001968,2.14875018896601
"2002Q4",997.638049607993,1002.92206800769,-5.28401839969422,385.013490659401,386.243263883213,3,6.705899764,4.65333333333333,461.21233360495,3.41712694345,0.509641903685154,369.478099028456,1.44333333333333,4.00666666666667,30.72671875,0,0,0,1,0.695315006141072,2.37130442605018,0.704848952190874,28.2166666666667,-34.9771751336679,333.991281991103,181.5,70.1265884734813,520.12556537049,2.22850447894336,2.35771542803241
"2003Q1",998.927769690402,1004.26058095294,-5.33281126254053,385.696946117161,386.910463713444,2.77333333333333,6.637164171,5.5,467.857358987283,2.88105841302106,6.30017398787723,387.383566066594,1.25,3.92,30.0226229508197,1,0,0,0,7.34034038847335,6.66848321353339,0.754549578154768,34.0966666666667,-28.1634292986361,352.919962780081,183.366666666667,70.8478169316108,521.14877912133,2.93297792055523,4.09285500335955
"2003Q2",1000.24406640475,1005.59910193097,-5.35503552622413,386.37575078971,388.020762735074,2.75,6.572974387,5.24333333333333,467.268297211112,2.1289008802889,5.08808066773465,371.287937574527,1.24666666666667,3.62,21.5312698412698,0,1,0,0,6.75127861230237,9.44778588543698,0.744239317790075,28.98,-29.5392632175383,336.660593689254,183.066666666667,70.7319052151257,520.985038522571,1.98608955632972,-0.654962395039092
"2003Q3",1000.97218612263,1006.93764971487,-5.96546359223885,386.333121136022,387.981778678638,2.75,6.513849139,5.07333333333333,465.441561920525,2.66981652092982,10.9770390840338,374.711909089412,1.01666666666667,4.23333333333333,19.32015625,0,0,1,0,4.92454332171627,7.60332610961352,0.795276542985878,30.2133333333333,-22.9065372002143,340.828332805164,184.433333333333,71.2599474791133,521.728806123595,2.19266961011306,2.97507040409937
"2003Q4",1001.84073026664,1008.27615535792,-6.43542509127917,386.04789069603,388.519228954144,2.65,6.453233698,4.87666666666667,458.053272272197,3.17513654515514,26.6763970116834,377.525193464381,0.996666666666667,4.28666666666667,17.4271875,0,0,0,1,-2.46374632661235,9.80523691291175,0.933995584988962,31.1933333333333,-6.82835677570124,344.020439676996,185.133333333333,71.5304081509119,522.107628620459,1.98206324996852,1.51528998745425
"2004Q1",1004.0233895207,1009.61467414101,-5.59128462030594,385.693654121732,388.666473016353,1.79,6.383019091,5.05333333333333,454.906805985628,4.32908008427,54.0598493715073,388.899173566995,1.00333333333333,4.02,16.658064516129,1,0,0,0,-5.6102126131816,15.4441315853351,1.23859505881642,35.2466666666667,21.3977720184314,356.237096213919,186.7,72.1357248925563,522.950305054768,1.80152593343735,3.37070573723486
"2004Q2",1005.95112621072,1010.95321463429,-5.00208842356983,386.834022470285,389.17185219112,1.75,6.312301123,3.58333333333333,461.459634886216,5.03938999721,55.4162197859584,396.563717192387,1.01,4.6,16.2112698412698,0,1,0,0,0.942616287406963,17.2703535258584,1.26537240315704,38.3533333333333,23.5366468702755,364.684144276704,188.166666666667,72.7024043953723,523.732809492161,2.74777096959019,3.13001774957229
"2004Q3",1008.61171360812,1012.2917015154,-3.67998790727847,387.800789199423,389.504345733135,1.81333333333333,6.234315921,3.92666666666667,462.397942199527,4.56424806126,56.9140213342528,409.374534754333,1.43333333333333,4.30333333333333,15.4421875,0,0,1,0,1.88092360071812,12.0147337863251,1.29265928815507,43.8733333333333,25.6701560159064,378.130669435986,189.366666666667,73.1660512613127,524.368517089497,2.63971096590171,2.54283038934545
"2004Q4",1010.58269178948,1013.63021877969,-3.04752699021617,388.294296611001,389.564641130428,2.13333333333333,6.155649579,3.86,459.886603867589,4.11439902301,64.0514316972679,417.918990571811,1.95,4.17333333333333,13.65140625,0,0,0,1,-0.630414731220412,5.82353549632293,1.40320088300221,48.3,33.8755971913097,387.743156065853,191.4,73.9516751174894,525.436547901885,3.32891928142647,4.27212324955326
"2005Q1",1011.43351987278,1014.96876471015,-3.53524483737112,387.959040073516,390.058444178572,2.60666666666667,6.075487386,4.29666666666667,459.305108012231,4.16407561211408,69.0281239502439,420.326189288853,2.47,4.29666666666667,12.7870491803279,1,0,0,0,-1.21191058657809,1.16644857255892,1.48224923644501,49.7266666666667,39.3560688472814,390.654134185891,192.366666666667,74.3251684261636,525.940327304881,2.99002225011338,2.01511761198253
"2005Q2",1013.90213134862,1016.30725738674,-2.40512603812761,389.560769583623,391.130170208476,3.11,5.999559504,4.26666666666667,459.511848669932,4.15575363400575,72.0038092258974,426.128305278525,2.94333333333333,4.16,13.40734375,0,1,0,0,-1.00516992887748,-0.489748453987104,1.53733859505882,53.0533333333333,43.005273636434,397.129769689062,193.666666666667,74.8274525309323,526.61384681838,2.88103732621937,2.69407805399624
"2005Q3",1015.80480122608,1017.64580636947,-1.84100514338525,391.073904910889,391.868181526358,3.66,5.934271913,4.15,454.152595260711,3.43581519728581,80.7920822815476,442.115142672216,3.46,4.21333333333333,12.25078125,0,0,1,0,-6.36442333809839,3.95594995119346,1.70398258187427,63.1933333333333,53.2968206450107,414.619881035679,196.6,75.9608115365643,528.117120771307,3.74860368180953,6.01309581170608
"2005Q4",1017.26680716607,1018.98432457357,-1.71751740749949,392.045042397148,392.419086926795,4.36666666666667,5.889056988,4.99666666666667,448.575297565783,3.8205019272705,93.4194504000588,435.995963771048,3.98,4.49,12.781746031746,0,0,0,1,-11.9417210330262,5.79182976216037,1.95135474311288,59.9966666666667,66.8523871413387,409.428900512328,198.433333333333,76.6691609150843,529.045319149123,3.608771247238,3.71279351126714
"2006Q1",1018.51134822802,1020.32283751265,-1.81148928462824,391.940661755051,392.930831019294,4.63666666666667,5.832947015,5.28,449.507328545842,4.74784435790431,106.726759025647,440.788796924507,4.45666666666667,4.57,12.0424193548387,1,0,0,0,-11.0096900529668,5.28471604476355,2.24070579696997,63.27,80.6790904170194,414.741128315879,199.466666666667,77.0684123829775,529.564713799216,3.62438649433477,2.07757860036963
"2006Q2",1020.75936085511,1021.66136625049,-0.90200539538489,393.301282844748,394.183653716513,4.96,5.781618111,5.13,451.081579636744,4.35944307548111,143.647374866014,450.582839400485,4.90666666666667,5.07,14.5287301587302,0,1,0,0,-9.43543896206558,6.2663757782996,3.27062354470955,70.41,118.498065318633,425.433529853104,201.266666666667,77.763882681888,530.463072860463,3.84922604208271,3.59343624498797
"2006Q3",1022.33643144395,1022.99985546733,-0.663424023375455,394.494254151543,394.789407336831,5.21333333333333,5.72484036,5.07,454.011818580716,4.34921650630157,148.887290776757,449.652714139439,5.24666666666667,4.89666666666667,13.6079365079365,0,0,1,0,-6.50520001809292,7.31625495945902,3.47910732105597,70.4166666666667,124.677574394235,425.442997756917,203.166666666667,78.4979902196269,531.402666025322,3.28554525401501,3.75837265943528
"2006Q4",1024.41798172497,1024.3383920124,0.0795897125678948,394.244660424021,395.19707247612,5.25,5.666299316,5.12666666666667,452.661502966123,4.78000480383999,141.127085850407,434.016291938336,5.24666666666667,4.63,11.0349206349206,0,0,0,1,-7.85551563268569,10.5678867814995,3.20612658380961,59.9766666666667,116.506353681702,409.395559769632,202.333333333333,78.1760132293906,530.991650239139,1.94633109001541,-1.64406314473126
"2007Q1",1025.21614624445,1025.67691455665,-0.460768312192158,394.583553626826,395.864295161527,5.03,5.61382171,4.78333333333333,455.38341639158,4.86833916129498,122.641198021458,429.821509151914,5.25666666666667,4.68,12.563606557377,1,0,0,0,-5.1336022072295,13.0154633460873,2.69112915419275,58.0766666666667,98.9960865462151,406.17639767667,204.317,78.9424472569492,531.967270932601,2.40255713338468,3.90248277384671
"2007Q2",1026.57766264624,1026.8966427889,-0.31898014265812,396.110302339543,397.088003397163,5,5.566079215,4.52,455.257481236845,5.39329810280011,146.823793511368,439.921746133627,5.25,4.84666666666667,13.7319047619048,0,1,0,0,-5.25953736196448,20.6814756131036,3.46616468595966,64.9766666666667,124.304870486736,417.402823108994,206.631,79.8365129634376,533.093459383211,2.63038652274849,4.50475380244325
"2007Q3",1027.36863448043,1028.11641105814,-0.747776577703917,399.134862657966,398.766260056737,5.39666666666667,5.515150028,4.32333333333333,453.624838136869,5.1795683024513,147.112738408528,454.257011428063,5.07333333333333,4.73,21.5892063492063,0,0,1,0,-6.89218046194043,31.2665926345284,3.49819921981312,75.4666666666667,125.224832746557,432.369105766092,207.939,80.3418880473126,533.724476745872,2.32181072055016,2.52406945064195
"2007Q4",1030.29390777652,1029.3361751598,0.957732616718431,401.189194741937,400.091548535595,5.79333333333333,5.460804473,4.77333333333333,452.372287837854,5.07184466056447,138.849849415353,471.483246504666,4.49666666666667,4.26,22.02984375,0,0,0,1,-8.1447307609555,36.4034244926196,3.26027397260274,90.7533333333333,118.181123252308,450.814520341622,210.489666666667,81.3273952190281,534.943656244799,3.95200600566034,4.87671799570944
"2008Q1",1032.70033491575,1030.55592428426,2.14441063149343,402.253679029625,401.558678263774,6.22333333333333,5.403933258,4.85333333333333,447.137343720736,4.3453270164,145.897831572917,478.023463188307,3.17666666666667,3.66333333333333,26.1201639344262,1,0,0,0,-13.3796748780734,46.4044045068464,3.53624240224984,97.9366666666667,126.306469509824,458.432101125213,212.769666666667,82.2083242643148,536.02102034475,4.05374941214927,4.30945639980246
"2008Q2",1033.50446822467,1031.53643948082,1.96802874384844,404.55379013166,403.723783416407,6.36,5.397445265,4.59666666666667,451.995307927782,4.0088779076,152.575132531314,500.289329317564,2.08666666666667,3.88666666666667,20.67296875,0,1,0,0,-8.52171067102722,40.8282067380659,3.82961081375306,123.953333333333,134.27631828213,481.990515068381,215.537666666667,83.2778030350839,537.31356815866,4.22010877544847,5.17019125564002
"2008Q3",1033.47866359771,1032.51694547536,0.961718122352067,408.014956916459,405.482498117226,7.57333333333333,5.334603295,4.64333333333333,459.275424166166,3.3455328569,141.574309831831,493.879526249915,1.94,3.86333333333333,25.0734375,0,0,1,0,-1.24159443264273,19.4053297363022,3.48356466781578,118.05,124.805609935069,477.110826353152,218.861,84.5618472721465,538.843682511081,5.11920576520913,6.1204574096846
"2008Q4",1032.55103650826,1033.49747955321,-0.94644304495705,409.430305419399,407.424172928205,8.25,5.272762846,5.91666666666667,467.121440330852,-0.0570640051000001,76.2539605288709,425.725745489031,0.506666666666667,3.25333333333333,58.6046875,0,0,0,1,6.60442173204262,-19.6520497746786,1.77124799661314,58.3466666666667,57.1684380963902,406.640223056551,213.848666666667,82.6252200712728,536.526859975363,1.5832037305637,-9.2672901428723
"2009Q1",1031.97281574983,1034.47798016268,-2.50516441284481,406.975005999653,408.450646456277,5.54666666666667,5.200955153,6.01,459.199638989498,-2.13781701573782,63.9301392164049,395.69402657158,0.183333333333333,2.73666666666667,45,1,0,0,0,-1.31737960931156,-40.0300752408859,1.5551059905047,42.9133333333333,44.1543704404608,375.918257795636,212.377666666667,82.0568662881076,535.836613631899,-0.184406712850432,-2.76098537385406
"2009Q2",1030.79128819529,1035.69774526261,-4.90645706731925,406.378393040741,408.863146104963,1.44,5.132113355,4.58,455.813373975958,-1.68523638938524,94.1576429313855,427.742160547149,0.18,3.31333333333333,33.0157142857143,0,1,0,0,-4.7036446228513,-36.1502275669204,2.11514258066467,59.44,74.9122224251867,408.49674004095,213.507,82.4932095052759,536.366961901645,-0.946606257015105,2.12139307898133
"2009Q3",1031.79504027924,1036.91750054798,-5.12246026873549,406.170705716484,408.845333128174,0.526666666666667,5.073345733,4.76666666666667,456.038256614593,-0.43729005553729,116.133528946777,440.638051409743,0.156666666666667,3.51666666666667,25.48625,0,0,1,0,-4.47876198421574,-27.2783836615648,2.65766578971242,68.2033333333333,97.7448214880697,422.249343951036,215.344,83.202975582553,537.223674949136,-1.62000756194493,3.4268521899653
"2009Q4",1032.89346708748,1038.13725421077,-5.24378712328939,406.371320154646,408.881362391026,0.5,5.01761075,4.5,453.506746497958,3.11004444766004,127.992288126698,450.761073374566,0.12,3.46,23.071875,0,0,0,1,-7.01027210085101,7.29345737353917,3.01570806495509,76.06,110.383465002144,433.152250250011,217.03,83.8543994291992,538.003559283289,1.47669930792654,3.11953733661358
"2010Q1",1033.55933262802,1039.35701189402,-5.79767926599993,406.717268671581,408.880201067732,0.5,4.953592894,4.53666666666667,452.659069979644,5.85058013290942,136.253206183733,453.938492759851,0.133333333333333,3.71666666666667,20.1496721311475,1,0,0,0,-7.85794861916531,15.2806911402465,3.28060419123651,78.64,118.802761007774,436.488047583891,217.374,83.9873115307687,538.161937231884,2.32532359998459,0.633511794378137
"2010Q2",1037.06099501245,1040.57677680828,-3.51578179583271,407.567569497703,409.429261453951,0.58,4.884268815,4.3,453.689544723355,5.85626754896373,133.412080101867,452.887009693087,0.193333333333333,3.49,26.3914285714286,0,1,0,0,-6.82747387545379,5.35855874342142,3.18758504944208,77.79,115.926359230649,435.401288821868,217.297333333333,83.957689647667,538.126661536625,1.75969963498062,-0.141102781034533
"2010Q3",1039.40948392827,1041.79651995398,-2.38703602570922,408.395350884725,409.7150060407,1.74666666666667,4.817111043,4.15,451.21406097755,5.52089352513911,136.139641758613,450.336487846559,0.186666666666667,2.78666666666667,24.28359375,0,0,1,0,-9.30295762125962,14.9352956301612,3.28532764825063,76.0533333333333,118.946638767836,433.143484855782,217.934333333333,84.2038088590037,538.419379417067,1.19570446793057,1.17087152176509
"2010Q4",1041.28589198881,1043.01627062771,-1.73037863889908,408.81271948877,410.107328787632,2.87666666666667,4.753078287,4.45333333333333,448.25795816605,4.89187836174812,152.931864775594,460.765326156738,0.186666666666667,2.86333333333333,19.3184375,0,0,0,1,-12.2590604327588,23.7903993333647,3.91749826121141,85.0966666666667,136.545325139635,444.378786520779,219.699,84.8856273335282,539.225842771885,1.22228348859551,3.22585341927334
"2011Q1",1043.63696962717,1044.23602539393,-0.599055766762149,409.593056069469,410.604205583113,3.43666666666667,4.737693487,4.56666666666667,451.020603084476,4.80730145537301,162.979802648978,469.16032811357,0.156666666666667,3.46,18.6148387096774,1,0,0,0,-9.49641551433285,31.0143177661914,4.3778085215761,93.5366666666667,147.654826163806,453.835351628398,222.043666666667,85.7915417932573,540.287405922672,2.12546869078778,4.24625260314724
"2011Q2",1045.2688544308,1045.26457066763,0.00428376317472612,410.817903364478,411.401175044486,4.74333333333333,4.723272639,4.26666666666667,451.022650000425,4.28052315480523,156.536029723234,476.916895987534,0.0933333333333333,3.21,17.482380952381,0,1,0,0,-9.49436859838426,33.9201427723,4.15127914360882,102.23,142.341651412593,462.722517676892,224.568333333333,86.7670032828774,541.418004097202,3.29134256057648,4.52239269812026
"2011Q3",1046.6915852937,1046.29313256779,0.398452725918332,411.464225366404,411.789400722798,5.25,4.708267417,4.39666666666667,451.235842022058,3.64087555050876,154.121051542608,463.210084881745,0.0833333333333333,2.42666666666667,30.58359375,0,0,1,0,-9.28117657675074,20.672953833738,4.0786507000514,89.7166666666667,140.576622294749,449.665655633886,226.032666666667,87.3327812501207,542.067953159985,3.64857374291819,2.59979625113192
"2011Q4",1048.40236464301,1047.32166000596,1.08070463704689,412.746996883808,412.420243645776,5.25,4.689081635,4.66,455.728645942856,3.32475236214752,135.384649038422,467.440192762946,0.0733333333333333,2.04666666666667,29.9395238095238,0,0,0,1,-4.78837265595274,-0.0425672136274535,3.3969608999365,94.0133333333333,122.288117893749,454.343661618273,227.047333333333,87.7248204334325,542.515851263171,3.29000849128602,1.79159241274465
"2012Q1",1050.67526959697,1048.35021485601,2.32505474096706,413.657797590155,413.51035498508,5.03333333333333,4.664991132,4.49666666666667,451.352819539597,3.25182494995765,145.198971193075,475.888025154545,0.103333333333333,2.03666666666667,18.2040322580645,1,0,0,0,-9.16419905921202,-8.36363207582114,3.76836160754785,102.876666666667,132.664032014235,463.353085975705,228.326,88.2188619272512,543.077443229004,2.79003730633224,2.24636786333213
"2012Q2",1052.71488829794,1049.28260682502,3.4322814729137,413.867820538716,414.257574214662,5,4.643504814,4.55333333333333,451.349049311076,2.83764294143275,139.531495381685,466.041741498331,0.153333333333333,1.82333333333333,20.0357142857143,0,1,0,0,-9.16796928773289,-12.2991514232133,3.56824669630167,93.4266666666667,127.207435366776,453.717681483422,228.808,88.4050934184039,543.288322392935,1.87031829573277,0.843516655722397
"2012Q3",1053.69895385648,1050.21501374034,3.48394011613937,414.07045772394,414.529699953281,5,4.619886668,4.52,448.454938939751,2.90851123630245,137.158196707574,464.247924585646,0.143333333333333,1.64333333333333,16.1926984126984,0,0,1,0,-12.0620796590586,-6.68195968212837,3.50029030209562,92.18,125.284590851164,452.374318729236,229.841,88.8042160955009,543.738776551434,1.67082339144883,1.80181663399617
"2012Q4",1053.97970933455,1051.1474096974,2.83229963714734,414.901193604901,415.115513668715,5,4.597524624,4.54,447.722054762937,2.81271831772958,138.953430705086,458.899071043723,0.16,1.70666666666667,16.7529032258065,0,0,0,1,-12.7949638358722,-0.848547429879609,3.58739302670174,87.96,127.742576230019,447.688216568656,231.369333333333,89.3947218955944,544.401527932776,1.88567666960535,2.65100552537069
"2013Q1",1054.70509174763,1052.0797959734,2.62529577423152,415.175053743472,416.012130852572,5,4.528924484,4.79666666666667,446.927504800255,2.89587379792292,138.789500218041,465.496699819828,0.143333333333333,1.95,13.527,1,0,0,0,-13.5895137985539,-0.949453708497305,3.59591309081012,94.3366666666667,127.979794802202,454.686994403988,232.299333333333,89.7540482166982,544.802676992004,1.72523376300035,1.60459623691213
"2013Q2",1055.40177234149,1052.81877839949,2.58299394199071,415.525754496833,416.948505003691,5,4.505835266,4.51,448.4514538627,3.26921863338001,128.513293904194,465.35505522951,0.116666666666667,1.99666666666667,14.83703125,0,1,0,0,-12.0655647361094,1.86507070186446,3.241189633796,94.1,117.594043333818,454.435804659133,232.045,89.6557808392781,544.693131837467,1.4048094445327,-0.438180618148181
"2013Q3",1055.91536679618,1053.55773457752,2.35763221866387,416.218995997577,417.474531343143,5,4.484136786,4.43333333333333,451.552484054813,3.39644487892533,127.036967425737,476.575865844094,0.0833333333333333,2.71,14.2796875,0,0,1,0,-8.96453454399625,-5.47531553154501,3.21096344007983,105.843333333333,116.657102920632,466.196001338989,233.3,90.1406781865741,545.232517902738,1.49374135130483,2.15754426108469
"2013Q4",1056.30092490194,1054.29670431137,2.00422059057178,417.215246971711,418.45347165322,4.68333333333333,4.459364931,4.5,452.954660134171,3.59385554565294,127.705114876556,467.835204158391,0.0866666666666667,2.74666666666667,14.2328125,0,0,0,1,-7.56235846463818,-4.07384840206335,3.24444192446097,97.3433333333333,117.694335523048,457.824424804884,234.162666666667,90.4739887668668,545.601603054336,1.20007512155985,1.47634060639075
"2014Q1",1056.64770135277,1055.03567357914,1.61202777362882,418.313265861031,419.57896831161,4.33666666666667,4.330026375,4.30120663047234,458.05142106045,3.59906589621157,125.471839853875,468.645689008483,0.0733333333333333,2.76333333333333,14.8288524590164,1,0,0,0,-2.46559753835925,-3.49804670784941,3.19254740088905,98.7466666666667,116.081915639117,459.255764793725,235.621,91.0374484997804,546.222458193086,1.41978120108149,2.4834205549987
"2014Q2",1057.09583053329,1055.77465446503,1.32117606825614,419.890651571402,421.444686393018,4,4.298391361,3.98914434814011,457.879529118083,2.88456081560982,121.305561442684,472.669153874601,0.0933333333333333,2.62333333333333,12.738253968254,0,1,0,0,-2.63748948072578,-1.11283237424376,3.07853276482506,103.346666666667,112.445310842604,463.80890327452,236.872333333333,91.5209291483193,546.752131807763,2.05899997029599,2.1186944587098
"2014Q3",1057.07578886401,1056.51360680367,0.5621820603385,420.764425995619,422.10004463168,3.62333333333333,4.263984397,3.62496658693828,460.323476086522,2.78859958704464,124.032900490035,466.876748998595,0.09,2.49666666666667,13.07265625,0,0,1,0,-0.193542512286797,-3.56481057971685,3.17174392935982,97.78,115.42815720649,458.27200571505,237.478333333333,91.7550708156192,547.007639124299,1.77512122156031,1.022029266142
"2014Q4",1058.12907804601,1057.25259375514,0.876484290873577,422.341055946554,423.398225562264,3.04666666666667,4.232140463,3.79112838099837,458.251680541583,2.90482419215197,118.824938720515,438.118378487009,0.1,2.28,16.07234375,0,0,0,1,-2.26533805722642,-9.70835377702457,3.00330823429798,73.16,109.971442585772,429.264882352267,236.888333333333,91.5271111065319,546.758886273101,1.15728321876452,-0.995011404792422
"2015Q1",1058.44427869456,1057.99154922743,0.452729467127483,422.594259229957,424.694401203778,3,4.157281877,3.69442919555043,457.399268820311,3.16800048173637,106.485128131855,397.741701180109,0.11,1.96666666666667,16.5647540983607,1,0,0,0,-3.11774977849791,-18.9418252707879,2.63747618615622,48.54,96.9822469815913,388.238820029846,235.355,90.934673444497,546.10950125758,-0.112956935505395,-2.59754006208095
"2015Q2",1059.48078496672,1058.68194706208,0.798837904642141,423.98074611421,426.47114675968,3,4.136226743,3.56805301630027,454.347631246549,2.89641858603571,109.844413887946,414.602830525618,0.123333333333333,2.16666666666667,13.7401587301587,0,1,0,0,-6.16938735226051,-24.1673087740376,2.7461822250446,57.8466666666667,101.021166532052,405.779583169723,236.96,91.5548011276922,546.789135051949,0.0370032441855983,2.71853517747377
"2015Q3",1060.13448496151,1059.37232488361,0.762160077897533,425.403501655275,427.482483609831,3,4.117373532,3.43526982927942,459.502398244449,2.3246640153292,95.2394062508886,392.212116990808,0.136666666666667,2.22,19.30734375,0,0,1,0,-1.01462035436009,-21.7355680042516,2.38197859022045,46.4166666666667,86.7931482740091,383.765859013928,237.855,91.9006044152061,547.166124430964,0.158485306665284,1.50795751606074
"2015Q4",1060.81440745809,1060.06270033696,0.751707121131858,426.36028026107,428.611352932981,3.24333333333333,4.100566327,3.74044575569958,459.380466509596,1.93845624769812,88.0492348257209,382.101669190305,0.16,2.19,17.03328125,0,0,0,1,-1.13655208921352,-19.6852976987047,2.21655477940065,41.95,79.5954089267369,373.647843291322,237.837,91.8936497122169,547.15855650886,0.39967023575889,-0.0302716884179972
"2016Q1",1061.37864383915,1060.75306563398,0.625578205174179,427.139568552888,429.756324448891,3.5,4.03394286,3.85677054336231,456.999237998815,1.98103566823924,83.5471051551703,358.720706705293,0.36,1.92,20.4862295081967,1,0,0,0,-3.51778059999441,-13.3595379655046,2.11766004415011,33.1833333333333,75.0311726340869,350.20477418421,237.689333333333,91.8365953895471,547.09644988676,0.986948629179778,-0.248426488397399
"2016Q2",1061.26998168629,1061.41912122382,-0.149139537520341,428.109027322888,431.146210623627,3.5,4.022219562,3.66854924893395,455.992720361992,2.21802976150362,84.0580171535202,389.285224081556,0.373333333333333,1.75333333333333,15.6759375,0,1,0,0,-4.52429823681706,-3.85656990319108,2.14553055731954,45.4066666666667,76.3386867864702,381.565893714506,239.590333333333,92.5710892996743,547.893052040794,1.10391698884473,3.18640861613358
"2016Q3",1062.11498877884,1062.08516227922,0.0298264996206399,428.837838954492,431.714737802589,3.5,4.00991416,3.67821116433787,453.579212147428,2.42199900444687,84.5538028535525,387.628113014999,0.396666666666667,1.56333333333333,13.23390625,0,0,1,0,-6.9378064513815,4.39358051643817,2.16534669932565,44.85,77.2580486890344,380.33235885048,240.607333333333,92.9640300185587,548.316628243326,1.15050381236153,1.69430481012796
"2016Q4",1062.2324486982,1062.75123255456,-0.518783856361097,429.149468628439,432.048289128731,3.5,4.006175602,3.56313903474803,452.239225423251,2.67525065740993,94.0113320031905,396.123531025777,0.45,2.13,14.0979365079365,0,0,0,1,-8.27779317555866,8.02354694954968,2.39524025522392,49.1366666666667,87.3483541165212,389.460553139108,242.134666666667,93.554149446264,548.949404521174,1.79084801231477,2.53110511139494
"2017Q1",1062.10863536134,1063.41727813625,-1.30864277491378,429.856604969964,432.871220768195,3.29333333333333,3.985299774,3.51666666666667,451.512727901213,3.27212548634611,103.268809639629,400.636346114813,0.7,2.44333333333333,11.691935483871,1,0,0,0,-9.00429069759588,12.2323821350943,2.64605824185793,51.7666666666667,97.3071076734696,394.674644148653,243.838666666667,94.2125279958993,549.650680441684,2.55423055492383,2.80510368203886
"2017Q2",1063.03437109462,1064.05896548707,-1.02459439244194,430.383923238422,433.919041126321,2.67666666666667,3.964389242,3.25666666666667,453.61121048152,3.52319139313921,100.18510152088,393.465246882107,0.95,2.26333333333333,11.4263492063492,0,1,0,0,-6.90580811728887,5.92166411068868,2.56866702954428,48.24,94.3387098806655,387.618855241893,244.12,94.3212274278031,549.765990767629,1.87293872683586,0.461241303781662
"2017Q3",1064.3222263497,1064.70065030103,-0.378423951333843,430.490699532672,434.125649926899,2.5,3.95154463,3.12,452.252187649744,3.81417846611688,111.107694906591,392.829288288678,1.15333333333333,2.24333333333333,10.9442857142857,0,0,1,0,-8.26483094906513,4.9902025155804,2.87882457891076,48.1633333333333,105.738207851654,387.459801233741,245.287,94.7721240049301,550.242895352907,1.92626710958098,1.90761834110845
"2017Q4",1065.2114678605,1065.3423536972,-0.130885836702646,431.148416603833,434.379267233518,2.5,3.940609752,3.31666666666667,451.017670505543,4.12085502534459,117.332922054576,405.97487683495,1.20333333333333,2.37,10.3079365079365,0,0,0,1,-9.49934809326578,2.37137588119865,3.08810668602014,55.3666666666667,112.755818014739,401.397772795114,247.238333333333,95.5260653252676,551.035278368007,2.08587384683278,3.16953206040216
"2018Q1",1066.09364743996,1065.98404914998,0.109598289982159,431.870848324885,435.008306795433,2.5,3.920946713,3.49333333333333,448.329123974257,3.94887927679735,118.691081943597,417.871409186427,1.44666666666667,2.76,17.3547540983607,1,0,0,0,-12.1878946245523,0.410776533018176,3.15671172397109,62.8866666666667,114.953089212529,414.13341645536,249.321666666667,96.3310078008585,551.874389676776,2.22370923509231,3.35644523507699
"2018Q2",1067.85130791993,1066.55253326868,1.2987746512556,432.509286451142,435.876984628608,2.5,3.890004355,3.31,449.663405609546,3.89149685001738,116.881602964811,425.194836902712,1.73666666666667,2.92,15.3375,0,1,0,0,-10.853612989263,1.23318649596635,3.11698267259367,68.0333333333333,113.686544176868,421.999778114769,250.679,96.8554439225555,552.4173236199,2.65133285227103,2.1717357724965
"2018Q3",1067.19755966178,1067.12102923425,0.0765304275364542,433.104586618187,436.202855531319,2.5,3.853422902,3.19,452.202528469597,3.71460547945993,104.611723738131,427.295321643984,1.92333333333333,2.92666666666667,12.8568253968254,0,0,1,0,-8.31449012921178,-4.82448489689107,2.76814388097614,69.7566666666667,101.817701652594,424.501299558447,251.686333333333,97.2446497083532,552.818360322306,2.57546496939983,1.60414680962367
"2018Q4",1068.466084079,1067.68949555731,0.776588521687245,433.544986432133,436.520717636611,2.7,3.813295213,3.09666666666667,452.984479405279,3.28174984688733,105.265719115314,410.27133161533,2.22,3.03333333333333,21.0536507936508,0,0,0,1,-7.53253919353028,-5.91648023994846,2.79765036741359,59.0766666666667,102.877991039878,407.883603539894,252.711,97.6405526155479,553.224654332408,2.18937596440048,1.62517604040477
"2019Q1",1068.66171632778,1068.25798334815,0.403732979631286,433.693369269752,437.27561535351,2.92,3.7666602,3.17,452.246932895286,3.13907829022738,105.850139215384,402.538781545198,2.40333333333333,2.65333333333333,16.47,1,0,0,0,-8.27008570352274,-4.67332547345967,2.82156097855998,54.8266666666667,103.729027030055,400.417669359869,253.385666666667,97.9012251868432,553.491270222514,1.61688054573801,1.06646356042711
"2019Q2",1069.99835115182,1068.83824384533,1.16010730648941,434.702637977411,438.139344454298,2.87666666666667,3.714025148,2.89333333333333,453.449386316867,3.049443883376,103.391722809661,410.461772967233,2.39666666666667,2.33333333333333,15.1830158730159,0,1,0,0,-7.06763228194211,-3.71445094859064,2.77326801536182,59.7833333333333,102.002641373446,409.072691531018,255.247333333333,98.6205217830313,554.223300971629,1.8059773517283,2.92812299645766
"2019Q3",1069.6291599121,1069.21714781416,0.412012097939851,435.287693980692,438.460554617115,2.35333333333333,3.660615309,2.28,454.918796962049,3.11809252394191,97.7524756451567,404.253458423082,2.19,1.79666666666667,15.96015625,0,0,1,0,-5.59822163675966,-0.949884112593935,2.629851220176,56.37,96.6927274314228,403.193710209348,256.089333333333,98.9458473339661,554.55263419411,1.73427387180334,1.31733288992382
"2019Q4",1065.44072559879,1069.3971947985,-3.95646919971455,436.255621469574,438.887126838295,1.81333333333333,3.625646885,2.13333333333333,460.844226206549,3.02961881836921,98.6025913623236,404.588918672841,1.64333333333333,1.79333333333333,13.98578125,0,0,0,1,0.32720760773941,5.93598227162246,2.67093199068614,56.9566666666667,98.2427471686901,404.229074479207,257.888,99.6408024696923,555.25253821421,2.0278838818025,2.79961608040139
"2020Q1",1067.69133015054,1069.80952787475,-2.11819772420949,437.323378403279,439.711995252769,1.62666666666667,3.597222222,2.55,465.839967842292,-2.54584716181078,93.900281641922,382.333750059546,1.26,1.37666666666667,31.2245161290323,1,0,0,0,5.32294924348253,6.02379746261175,2.55742991925973,45.7566666666667,93.900281641922,382.333750059546,258.817666666667,100,555.612382407843,2.12111218532914,1.43937677453368
"2020Q2",1052.78015073313,1068.86522252219,-16.0850717890676,437.594216003475,440.710857991974,0.5,3.577777778,2.74,464.072945828825,-5.46598979905184,89.4764334293214,333.508220471802,0.06,0.686666666666667,34.4936507936508,0,1,0,0,3.55592723001632,-2.25798343776678,2.42288245789108,27.8066666666667,88.4957929675884,332.527580010069,256.292,99.0241521379916,554.631741946111,0.408440974481778,-3.92256184693179
"2020Q3",1057.96024041556,1068.89326533258,-10.9330249170132,437.929595354713,441.098980782415,0.5,3.558333333,2.6,461.80498816046,-0.188662795928782,108.291527920317,370.940732313677,0.0933333333333333,0.65,25.80890625,0,0,1,0,1.2879695616507,1.8199105132001,2.9578865402643,40.8933333333333,108.447500664434,371.096705057794,259.221666666667,100.156094444867,555.76835515196,1.21572095785075,4.5464528233997
"2020Q4",1065.48404575795,1069.19658217727,-3.71253641932617,439.100556800688,441.975415869513,0.5,3.538888889,2.51,461.548183777434,1.26601945406634,117.11435374723,373.965769856241,0.09,0.863333333333333,25.62171875,0,0,0,1,1.03116517862526,6.96503863898403,3.2540203816263,42.4533333333333,117.989127233786,374.840543342796,261.091666666667,100.878610810957,556.487155894399,1.23461768018933,2.87520296975572
"2021Q1",1069.88963427853,1070.36663427853,-0.477000000000089,440.227944285383,442.845550194466,0.5,3.519444444,2.32666666666667,458.679675213858,7.64455867135617,132.814771089821,403.796695797082,0.08,1.31666666666667,23.2024590163934,1,0,0,0,-1.83734338495145,16.0703942418114,3.84585714717712,57.79,134.699650325708,405.681575032969,263.742333333333,101.902755221501,557.497261643731,1.88487923588718,4.04042299732509
"2021Q2",1070.85922691769,1071.55522691769,-0.695999999999913,441.120951642799,443.890610372114,0.5,3.5,2.39,458.69543670636,11.0326851512143,144.576260130727,415.410291597631,0.07,1.59333333333333,18,0,1,0,0,-1.82158189244893,30.6023219828269,4.40472194502404,66.09,148.267713481332,419.101744948236,268.550333333333,103.760433664369,559.303835758448,4.67209381233795,7.22629645887127
"2021Q3",1076.40128212494,1073.03828212494,3.36300000000006,442.700729024383,444.946783481905,0.96,3.541666667,3.14666666666667,465.560906387576,4.79088572529771,139.441568652819,420.463674561183,0.09,1.32333333333333,18.28734375,0,0,1,0,5.04388778876728,28.3393714511941,4.25093743385043,70.6233333333333,144.713953128444,425.736059036809,272.829666666667,105.41384990463,560.884766883469,5.11641173150861,6.32372450008233
"2021Q4",1078.32253501512,1074.17253501512,4.15000000000009,445.523442550618,446.590748999538,2.82,3.583333333,3.82333333333333,470.710312369114,4.14106366496451,140.711553187236,427.532149951224,0.08,1.53666666666667,19.27515625,0,0,0,1,10.1932937703048,24.4029591398421,4.3990277903777,77.4466666666667,148.138355977734,434.958952741722,278.771333333333,107.709545845016,563.039185198341,6.55202930394194,8.61767325948904
"2022Q1",1077.92252606661,1074.83352606661,3.08899999999994,448.210337047017,449.2804440868,5.11333333333333,3.625,4.23,469.400047161268,3.90533490820369,141.449889938508,445.20715781189,0.12,1.94,25.3729032258064,1,0,0,0,8.88302856245872,22.5946132162441,4.52914512080801,94.4533333333333,151.05332066326,454.810588536641,284.905666666667,110.079682865544,565.215813132595,7.71855148886414,8.7065117370139
"2022Q2",1077.67615742742,1075.41615742742,2.25999999999999,452.023488388107,452.378813298078,7.94333333333333,3.666666667,3.92666666666667,470.015203898788,2.18268609550321,134.423879073552,456.952896338812,0.77,2.93,27.3984375,0,1,0,0,9.49818529997873,23.0433560770781,4.32112703740664,108.723333333333,146.351625651916,468.880642917176,291.605333333333,112.668249076248,567.540128986208,8.23629322775935,9.29726341445212
"2022Q3",1077.87480891086,1076.05580891086,1.81899999999996,455.494182057287,454.75765648945,9.91,3.708333333,3.83333333333333,474.00777719867,3.41760657894028,112.370519842967,440.218293114048,2.19,3.10666666666667,24.7927272727273,0,0,1,0,13.4907585998611,9.04710199433483,3.51166802745774,93.1833333333333,125.609114609373,453.456887880454,295.453,114.154881235567,568.85097717425,7.96621029078096,5.2433927521688
"2022Q4",1076.50125039727,1076.66725039727,-0.16599999999994,457.724280018644,456.40600182138,11.19,3.75,4.56,468.930711461141,2.32350825944661,114.687572587721,427.348133199269,3.65333333333333,3.83,25.00265625,0,0,0,1,8.41369286233152,0.818271585039643,3.63155674498775,82.7866666666667,128.966141171311,441.626701782858,298.541666666667,115.348256752179,569.890950991433,6.85176579309132,4.15989526873045
"2023Q1",1077.92690968666,1077.06290968666,0.864000000000033,459.455374130569,458.776946939151,11.25,3.8125,4.41666666666667,458.267909962651,3.61027835410657,124.714543536186,417.999022869311,4.51666666666667,3.64666666666667,20.6840625,1,0,0,0,-2.24910863615821,-11.4758098784804,4.05072877921921,76.0766666666667,139.889681041643,433.174160374768,301.230333333333,116.387083313478,570.7875199133,5.5717067807052,3.58627568746942
"2023Q2",1077.88067725104,1077.84967725104,0.0309999999999491,460.356952154133,460.738388451515,11.25,3.875,4.43333333333333,455.360141469123,4.22467493615652,118.802798589239,414.189602705936,4.99,3.59333333333333,16.44125,0,1,0,0,-5.15687712968571,-23.0209744779786,3.84567268438719,73.76,134.694853808136,430.081657924834,303.397666666667,117.224481069685,571.504437626741,3.96430864053343,2.86767085376505
"2023Q3",1078.29724433376,1078.45024433376,-0.15300000000002,460.585030282286,461.112853703971,10.3566666666667,3.9375,4.24666666666667,459.735938779143,3.27470446560187,116.500403955776,424.290527511977,5.26,4.15,15.0132307692308,0,0,1,0,-0.781079819666616,-12.697577701945,3.79024010402492,82.2966666666667,133.242936907315,441.033060463516,305.989,118.225700718524,572.354915359383,3.50393818513271,3.40191093056592
"2023Q4",1078.95525757146,1079.16125757146,-0.205999999999904,461.658395572305,461.417905598425,9.05666666666667,4,5.25333333333333,463.364815973956,3.45988225637071,113.522091929777,418.734259479852,5.33,4.44,15.28625,0,0,0,1,2.84779737514668,-11.8505660266019,3.70554295563821,78.41,130.982979474209,436.195147024283,308.195,119.078038207078,573.073269952275,3.18231896084228,2.87341837156873
"2024Q1",1080.1612511855,1079.8202511855,0.340999999999894,462.737609922155,462.739705511382,7.58333333333333,4,5.00333333333333,467.758634111203,3.26412117626158,115.91777331404,416.737202421748,5.33,4.16,13.7125396825397,1,0,0,0,7.24161551239411,-9.71086157897378,3.8299721793825,77.56,134.285753929737,435.105183037445,311.003333333333,120.163100664174,573.980363023541,3.19284311024069,3.62837228506305
"2024Q2",1079.57049995037,1080.47949995037,-0.909000000000106,463.85552864369,464.077074241523,6.28,4,4.92333333333333,465.424294641684,3.28542581865696,129.649012151573,421.288013300777,5.33,4.44333333333333,13.9803076923077,0,1,0,0,4.90727604287503,-4.1084184987997,4.42303970485954,81.7133333333333,148.682717575287,440.321718724491,313.080666666667,120.965724905435,574.646087831557,3.14165020481596,2.66289923206614
"2024Q3",1080.69506472186,1081.14006472186,-0.444999999999936,464.816809820149,464.680505963257,5.67666666666667,4,4.4,464.95288450993,3.46855333470907,123.542968012404,414.023182142602,5.26333333333333,3.94666666666667,17.0666666666667,0,0,1,0,4.43586591112103,-0.187320603683272,4.17487374882821,76.24,142.908411804396,433.388625934595,314.121,121.367680980046,574.977826199836,2.6229108404533,1.32695347311528
"2024Q4",1081.60470038289,1081.74570038289,-0.141000000000076,466.030647780927,465.534816954768,5.26666666666667,4,4.32,466.209000828381,3.60258968258689,122.476181011584,405.678059778945,4.65,4.28333333333333,17.3632307692308,0,0,0,1,5.6919822295722,5.7867414786168,4.16300919584025,70.6866666666667,142.623817715593,425.825696482954,316.587666666667,122.320732871146,575.760019111853,2.68674915957808,3.12877164806787
"2025Q1",1083.179706219,1082.489706219,0.690000000000055,467.472483249435,466.573561107204,5,4,4.24,465.034163054695,3.4881,123.383416316077,406.383982409504,4.33,4.45333333333333,18.5211111111111,1,0,0,0,4.51714445588607,6.66801025567594,4.23926269984548,71.8366666666667,144.43893625771,427.439502351137,319.475,123.436318746917,576.667902349477,2.68753932593597,3.6315329504946
"2025Q2",1083.07997161344,1083.15197161344,-0.071999999999889,468.123159912348,467.644537629178,5,4,4.18333333333333,464.399221589616,3.274572,124.803799688301,395.397775136007,4.33,4.36,23.56140625,0,1,0,0,3.88220299080677,6.07748979135341,4.31754678810861,64.6266666666667,146.2687367832,416.862712230907,320.785666666667,123.942724157161,577.077319502743,2.43123167118574,1.63766861306522
"2025Q3",1083.57258384116,1083.83758384116,-0.2650000000001,468.959643404832,468.540920977497,4.82666666666667,4,4.28,466.123020441649,2.980154,126.878201128366,396.340107336932,4.29333333333333,4.25666666666667,15.9830303030303,0,0,1,0,5.60600184283948,5.61910260978991,4.44170272730297,65.7366666666667,149.103780006821,418.565686215387,323.235,124.889078926864,577.837961286298,2.86013508646238,3.04256713422183
"2025Q4",1084.16015333289,1084.45715333289,-0.297000000000025,469.417413507009,468.870568552538,4.71333333333333,4,4.22333333333333,463.793033215072,2.86465,138.702464704498,385.894346950888,3.89666666666667,4.09666666666667,17.7452307692308,0,0,0,1,3.27601461626301,-1.50945407026377,5.03497050134112,59.64,161.640766743263,408.832648989654,325.547,125.782371888575,578.550684446609,2.790665334756,2.85089264124235
"2026Q1",1084.16810542091,1084.55310542091,-0.385,470.029803286323,469.899532347963,4.5,4,4.2,464.9187,2.7,142.115844692486,418.341527295298,3.6,4.25,24,1,0,0,0,4.40168140119084,1.29784012422318,5.2098,82.5,165.054146731252,441.279829334063,328.113666666667,126.774061018503,579.336009306684,2.66810695720733,3.14129944029992
"2026Q2",1085.0103199271,1085.3713199271,-0.361,472.022921046833,470.950000276087,4.53,4,4.2,463.9572,2.7,145.628540581732,424.689558862263,3.6,4.5,22,0,1,0,0,3.44018140119084,-0.0137876994000585,5.4386,88.6,169.352167480572,448.413185761104,329.742072342566,127.403232008595,579.831074989089,2.75375548634554,1.98026272961806
"2026Q3",1085.89217217052,1086.33117217052,-0.439,472.805050725443,471.754333380352,4.75,4,4.2,463.4729,2.7,146.517592677686,422.945186755112,3.6,4.55,21,0,0,1,0,2.95588140119082,-1.56498048539984,5.5144,87.5,170.736285258931,447.163879336357,331.378559684409,128.035525531259,580.326140671493,2.4881793851946,1.98026272961806
"2026Q4",1086.37875925031,1086.87675925031,-0.498,473.380437973851,472.072650306216,4.56,4,4.2,463.1690396,2.7,144.614503149265,420.25477005112,3.6,4.65,19,0,0,0,1,2.65202100119086,0.0133007466988744,5.4373,85.6,169.328261412915,444.96852831477,333.023168800949,128.67095708341,580.821206353898,2.27052190728853,1.98026272961806
"2027Q1",1086.67072696845,1087.18672696845,-0.516,473.945816725858,473.126985227113,4.32,4,4.1,462.7420795,2.9,139.408653468953,410.462058722905,3.4,4.63,18.5,1,0,0,0,2.22506090119083,-5.69372286925818,5.1871,78,164.617477415007,435.670882668959,334.67594,129.309542238873,581.316272036302,1.98026272961806,1.98026272961806
"2027Q2",1087.48143482749,1087.96343482749,-0.482,474.734911869413,474.170094254886,4.25,4,4.1,462.4973,2.9,137.463006499084,406.311233467121,3.4,4.55,18,0,1,0,0,1.98028140119084,-7.79725418856119,5.1124,75.2,163.166896127542,432.015123095579,336.336913789418,129.951296648767,581.811337718706,1.98026272961795,1.98026272961761
"2027Q3",1087.90086223174,1088.32586223174,-0.425,475.334684000813,474.710796127082,4.25,4,4.1,462,2.9,135.991038471652,403.257105578398,3.4,4.37,17.25,0,0,1,0,1.48298140119084,-8.32497260759499,5.0627,73.3,162.189993782515,429.456060889261,338.006130878097,130.596236041884,582.306403401111,1.98026272961795,1.98026272961806
"2027Q4",1088.30636105768,1088.67936105768,-0.373,476.14399745784,475.037170933776,4.25,4,4.1,462,2.9,135.002926891677,401.5266089459,3.4,4.2,17,0,0,0,1,1.48298140119084,-6.90501185117238,5.0378,72.4,161.696947884945,428.220629939167,339.683632176969,131.244376225078,582.801469083515,1.98026272961795,1.98026272961806
