Periodo,IMACEC,IMACEC_no_minero,Tipo
2019-01-01,1.97,2.73,Observado
2019-02-01,0.40,1.66,Observado
2019-03-01,1.35,2.05,Observado
2019-04-01,1.78,1.85,Observado
2019-05-01,1.86,2.36,Observado
2019-06-01,0.88,1.16,Observado
2019-07-01,2.77,3.70,Observado
2019-08-01,3.19,3.37,Observado
2019-09-01,2.78,3.48,Observado
2019-10-01,-4.53,-4.71,Observado
2019-11-01,-4.99,-4.35,Observado
2019-12-01,0.93,1.23,Observado
2020-01-01,0.93,1.05,Observado
2020-02-01,2.72,2.33,Observado
2020-03-01,-4.35,-4.66,Observado
2020-04-01,-15.09,-16.25,Observado
2020-05-01,-15.98,-17.52,Observado
2020-06-01,-13.96,-15.46,Observado
2020-07-01,-11.72,-13.16,Observado
2020-08-01,-11.01,-12.02,Observado
2020-09-01,-4.95,-5.44,Observado
2020-10-01,-1.36,-1.76,Observado
2020-11-01,1.01,1.02,Observado
2020-12-01,0.57,1.33,Observado
2021-01-01,-3.43,-3.35,Observado
2021-02-01,-2.17,-1.39,Observado
2021-03-01,6.63,7.69,Observado
2021-04-01,15.29,16.73,Observado
2021-05-01,19.55,22.14,Observado
2021-06-01,20.38,23.41,Observado
2021-07-01,17.42,20.76,Observado
2021-08-01,17.97,21.66,Observado
2021-09-01,13.46,16.85,Observado
2021-10-01,13.26,15.66,Observado
2021-11-01,13.33,15.75,Observado
2021-12-01,8.75,10.48,Observado
2022-01-01,7.21,10.22,Observado
2022-02-01,5.01,7.81,Observado
2022-03-01,5.67,7.99,Observado
2022-04-01,5.90,9.09,Observado
2022-05-01,5.59,7.12,Observado
2022-06-01,2.80,4.40,Observado
2022-07-01,-0.44,1.25,Observado
2022-08-01,0.63,2.59,Observado
2022-09-01,0.18,1.16,Observado
2022-10-01,-1.88,-2.36,Observado
2022-11-01,-2.87,-2.54,Observado
2022-12-01,-1.26,-1.33,Observado
2023-01-01,1.36,0.58,Observado
2023-02-01,0.16,0.57,Observado
2023-03-01,-1.49,-0.06,Observado
2023-04-01,-0.50,-0.63,Observado
2023-05-01,-0.60,0.77,Observado
2023-06-01,0.03,-0.16,Observado
2023-07-01,2.92,2.33,Observado
2023-08-01,0.42,-0.48,Observado
2023-09-01,0.90,-0.96,Observado
2023-10-01,2.39,3.14,Observado
2023-11-01,2.28,2.17,Observado
2023-12-01,0.54,0.79,Observado
2024-01-01,3.74,4.11,Observado
2024-02-01,5.84,4.63,Observado
2024-03-01,1.18,-0.27,Observado
2024-04-01,3.90,4.23,Observado
2024-05-01,0.33,-0.22,Observado
2024-06-01,-0.71,-1.25,Observado
2024-07-01,4.49,4.65,Observado
2024-08-01,2.23,1.57,Observado
2024-09-01,0.51,0.85,Observado
2024-10-01,2.89,2.97,Observado
2024-11-01,2.43,2.45,Observado
2024-12-01,6.79,5.81,Observado
2025-01-01,3.33,3.77,Observado
2025-02-01,0.31,1.27,Observado
2025-03-01,4.93,4.88,Observado
2025-04-01,3.88,2.69,Observado
2025-05-01,3.93,2.51,Observado
2025-06-01,3.38,4.97,Observado
2025-07-01,1.60,2.24,Observado
2025-08-01,0.27,1.33,Observado
2025-09-01,3.30,4.26,Observado
2025-10-01,2.06,2.84,Observado
2025-11-01,1.37,2.21,Observado
2025-12-01,1.27,2.64,Observado
2026-01-01,-0.87,-0.76,Observado
2026-02-01,-0.22,-0.14,Observado
2026-03-01,0.09,1.25,Observado
2026-04-01,-1.07,0.69,Observado
2026-05-01,-1.39,0.31,Observado
2026-06-01,2.02,1.20,Observado
2026-07-01,-1.49,-0.31,Observado
2026-08-01,-1.54,0.54,Proyeccion
